country;year;life_ladder;log_gdp_per_capita;social_support;life_expec;freedom_to_make_life_choices;generosity;perceptions_of_corruption;positive_affect;negative_affect;confidence_in_national_government;democratic_quality;delivery_quality;standard_deviation_of_ladder_by_country_year;standard_deviation_mean_of_ladder_by_country_year;gini_index_world_bank_estimate;gini_index_world_bank_estimate_average_2000_15;gini_of_household_income_reported_in_gallup_by_wp5_year;continent;country_code;populacao_2020
Afghanistan;2017;2,66171813011169;7,46014356613159;0,490880072116852;52,3395271301270;0,427010864019394;-0,10634034872055054;0,954392552375793;0,496348559856415;0,371326178312302;0,261178523302078;NA;NA;1,45405077934265;0,546282768249512;NA;NA;0,286598861217499;Asia;4;38928,341
Albania;2017;4,63954830169678;9,37371826171875;0,637698292732239;69,0516586303711;0,749611020088196;-0,03514037653803825;0,876134634017944;0,669240891933441;0,333884119987488;0,457737535238266;NA;NA;2,68210482597351;0,578096091747284;NA;0,303250000000000;0,410487979650497;Europe;8;2877,800
Algeria;2017;5,24891233444214;9,54024410247803;0,806753873825073;65,6991882324219;0,436670482158661;-0,19467012584209442;0,699774205684662;0,641979634761810;0,288710027933121;NA;NA;NA;2,03976464271545;0,388607114553452;NA;0,276000000000000;0,527555763721466;Africa;12;43851,043
Argentina;2017;6,03933000564575;9,84351921081543;0,906699120998383;67,5387039184570;0,831966161727905;-0,18629990518093109;0,841052472591400;0,809422612190247;0,291717261075974;0,305430293083191;NA;NA;2,40932893753052;0,398939758539200;NA;0,476066666666667;0,394175797700882;Americas;32;45195,777
Armenia;2017;4,28773641586304;9,03471088409424;0,697924911975861;65,1256866455078;0,613697052001953;-0,13216617703437805;0,864683330059052;0,625013828277588;0,437148749828339;0,246900990605354;NA;NA;2,32537889480591;0,542332530021667;NA;0,325066666666667;0,478876590728760;Asia;51;2963,234
Australia;2017;7,25703763961792;10,71182727813721;0,949957847595215;72,7833404541016;0,910550177097321;0,30169326066970825;0,411346524953842;0,780078887939453;0,225360974669456;0,453406959772110;NA;NA;1,74569892883301;0,240552559494972;NA;0,342750000000000;0,428340911865234;Oceania;36;25499,881
Austria;2017;7,29372787475586;10,71622562408447;0,906217813491821;72,3597106933594;0,890030562877655;0,12499673664569855;0,518303811550140;0,747568726539612;0,180268719792366;0,435907930135727;NA;NA;1,56106197834015;0,214028000831604;NA;0,303818181818182;0,322941631078720;Europe;40;9006,400
Azerbaijan;2017;5,15227937698364;9,65392971038818;0,787039399147034;63,0753135681152;0,731030464172363;-0,24748066067695618;0,652539014816284;0,592359244823456;0,198318660259247;0,766583442687988;NA;NA;1,67375683784485;0,324857532978058;NA;0,228833333333333;0,313743263483047;Asia;31;10139,175
Bahrain;2017;6,22732067108154;10,68671321868896;0,875747144222260;66,1239929199219;0,905858516693115;0,12075917422771454;NA;0,813570559024811;0,289759516716003;NA;NA;NA;2,21552562713623;0,355775088071823;NA;NA;0,446609318256378;Asia;48;1701,583
Bangladesh;2017;4,30977106094360;8,16309261322021;0,712552785873413;62,5041542053223;0,896217167377472;0,01753619499504566;0,635014474391937;0,568827092647552;0,213505759835243;0,876646459102631;NA;NA;1,86536598205566;0,432822525501251;NA;0,329000000000000;0,532750129699707;Asia;50;164689,383
Belarus;2017;5,55291509628296;9,71982955932617;0,900255799293518;66,6059646606445;0,620979249477386;-0,13058209419250488;0,654113411903381;0,540905773639679;0,232768073678017;0,447916299104691;NA;NA;1,66256368160248;0,299403756856918;NA;0,281875000000000;0,283250212669373;Europe;112;9449,321
Belgium;2017;6,92834758758545;10,65765380859375;0,921639084815979;72,1429290771484;0,856801986694336;0,04548146948218346;0,543046057224274;0,786367595195770;0,233597695827484;0,449731916189194;NA;NA;1,51001322269440;0,217947095632553;NA;0,285181818181818;0,354373842477798;Europe;56;11589,616
Benin;2017;4,85318088531494;7,63250255584717;0,435878992080688;51,7947502136230;0,726808249950409;-0,04026943445205688;0,767234623432159;0,614722311496735;0,457920342683792;0,615089297294617;NA;NA;2,99812650680542;0,617765247821808;NA;0,432666666666667;0,577069699764252;Africa;204;12123,198
Bolivia;2017;5,65055274963379;8,83260822296143;0,778661787509918;60,3437957763672;0,883904933929443;-0,11598785221576691;0,819261968135834;0,698195397853851;0,433943539857864;0,427632957696915;NA;NA;2,25048422813416;0,398276835680008;NA;0,531642857142857;0,405886590480804;Americas;68;11673,029
Bosnia & Herzegovina;2017;5,08990240097046;9,37171268463135;0,775295257568359;67,9944839477539;0,563798666000366;0,08958946168422699;0,923343062400818;0,597341656684875;0,270745515823364;0,126379713416100;NA;NA;2,28100657463074;0,448143482208252;NA;0,327250000000000;0,486203879117966;Europe;70;3280,815
Botswana;2017;3,50488114356995;9,68365859985352;0,768258631229401;58,0132141113281;0,817308008670807;-0,25824928283691406;0,731441497802734;0,656396448612213;0,276252508163452;0,770821094512939;NA;NA;2,66942548751831;0,761630833148956;NA;0,626000000000000;0,637864351272583;Africa;72;2351,625
Brazil;2017;6,33292913436890;9,54769325256348;0,904694259166718;65,4537353515625;0,764792561531067;-0,18726469576358795;0,794457376003265;0,715945124626160;0,307716906070709;0,165490269660950;NA;NA;2,53050613403320;0,399579107761383;NA;0,550214285714286;0,392622560262680;Americas;76;212559,409
Bulgaria;2017;5,09690189361572;9,82296180725098;0,941754579544067;66,4154891967773;0,689047038555145;-0,16003866493701935;0,910799741744995;0,614216744899750;0,188637346029282;0,326087951660156;NA;NA;1,85236382484436;0,363429367542267;NA;0,354666666666667;0,343219518661499;Europe;100;6948,445
Burkina Faso;2017;4,64689111709595;7,43453121185303;0,784761369228363;52,3994750976562;0,613774716854095;-0,05128677934408188;0,727451324462891;0,585172474384308;0,353821069002151;0,540656149387360;NA;NA;2,19759202003479;0,472916603088379;NA;0,394666666666667;0,553144335746765;Africa;854;20903,278
Cambodia;2017;4,58584213256836;8,20258045196533;0,765094935894012;58,6308746337891;0,963774681091309;0,08671936392784119;0,821022927761078;0,798616647720337;0,408283829689026;0,752442479133606;NA;NA;2,73265147209167;0,595888674259186;NA;NA;0,545690596103668;Asia;116;16718,971
Cameroon;2017;5,07405138015747;8,12839984893799;0,694596409797668;50,1402244567871;0,766945004463196;-0,03105563111603260;0,843585610389709;0,632338762283325;0,377498745918274;0,578775525093079;NA;NA;2,81522440910339;0,554827749729156;NA;0,438000000000000;0,565237224102020;Africa;120;26545,864
Central African Republic;2017;3,47586202621460;NA;0,319589138031006;44,6453514099121;0,645252346992493;NA;0,889566004276276;0,613865196704865;0,599335491657257;0,650284886360168;NA;NA;2,80707383155823;0,807590723037720;NA;0,499000000000000;0,715371251106262;Africa;140;4829,764
Chad;2017;4,55893707275391;7,49078512191772;0,660615563392639;45,9840621948242;0,614849686622620;-0,00292905722744763;0,792389929294586;0,627503156661987;0,538245439529419;0,473544389009476;NA;NA;2,88096046447754;0,631936907768250;NA;0,415500000000000;0,561519265174866;Africa;148;16425,859
Chile;2017;6,32011938095093;10,03757858276367;0,879840791225433;69,6089401245117;0,790116488933563;-0,03526517748832703;0,835987508296967;0,838474810123444;0,291042089462280;0,268283307552338;NA;NA;2,16242027282715;0,342148631811142;NA;0,491571428571429;0,574647009372711;Americas;152;19116,209
China;2017;5,09906148910522;9,63546657562256;0,772033214569092;69,3027954101562;0,877617597579956;-0,19463473558425903;NA;0,821097254753113;0,214004755020142;NA;NA;NA;2,27166390419006;0,445506274700165;NA;0,425000000000000;0,633354961872101;Asia;156;1439323,774
Colombia;2017;6,15734195709229;9,49086093902588;0,909249961376190;64,1357803344727;0,837554633617401;-0,16587814688682556;0,875018119812012;0,836926996707916;0,299308955669403;0,221882596611977;NA;NA;2,54482150077820;0,413298726081848;NA;0,552500000000000;0,542027473449707;Americas;170;50882,884
Costa Rica;2017;7,22518157958984;9,67063426971436;0,921697139739990;69,8673019409180;0,935618460178375;-0,07826852798461914;0,742350757122040;0,874395847320557;0,275440067052841;0,407448440790176;NA;NA;2,07998394966125;0,287879824638367;NA;0,491312500000000;0,469308227300644;Americas;188;5094,114
Croatia;2017;5,34316587448120;10,01418876647949;0,770309686660767;67,0155105590820;0,715822279453278;-0,10941725224256516;0,891559720039368;0,655305027961731;0,316488236188889;0,211000666022301;NA;NA;1,57082140445709;0,293987005949020;NA;0,323333333333333;0,338284969329834;Europe;191;4105,268
Cyprus;2017;6,06205129623413;10,36136722564697;0,818671047687531;72,7627944946289;0,811670660972595;0,03628666698932648;0,851206421852112;0,784188449382782;0,300516605377197;0,312653422355652;NA;NA;2,36952495574951;0,390878409147263;NA;0,324909090909091;0,410138428211212;Asia;196;1207,361
Czechia;2017;6,78956794738770;10,39345932006836;0,900968968868256;71,4510269165039;0,831785500049591;-0,18459008634090424;0,866524994373322;0,738743960857391;0,226649791002274;0,343870818614960;NA;NA;1,69713449478149;0,249962076544762;NA;0,264727272727273;0,282945662736893;Europe;203;10708,982
Denmark;2017;7,59370231628418;10,74898910522461;0,952100098133087;71,6624984741211;0,955416321754456;0,14538709819316864;0,181147560477257;0,823667407035828;0,205775305628777;0,572353303432465;NA;NA;1,66807425022125;0,219665482640266;NA;0,267090909090909;0,630812942981720;Europe;208;5792,203
Dominican Republic;2017;5,60520267486572;9,59457397460938;0,894368112087250;63,4959945678711;0,855359017848969;-0,12709218263626099;0,760489642620087;0,738943636417389;0,274745523929596;0,459901332855225;NA;NA;3,24083709716797;0,578183770179749;NA;0,488687500000000;0,480913221836090;Americas;214;10847,904
Ecuador;2017;5,83951854705811;9,22326087951660;0,848941743373871;67,3420639038086;0,879128158092499;-0,16995546221733093;0,733588755130768;0,829141974449158;0,314343482255936;0,640512883663177;NA;NA;2,69317531585693;0,461198180913925;NA;0,505928571428571;0,413334310054779;Americas;218;17643,060
Egypt;2017;3,92934417724609;9,26022338867188;0,638226389884949;61,5737915039062;0,592504799365997;-0,16194474697113037;NA;0,539322555065155;0,414493799209595;NA;NA;NA;2,28986072540283;0,582759022712708;NA;0,312200000000000;0,380814850330353;Africa;818;102334,403
El Salvador;2017;6,33931827545166;9,00117683410645;0,828952610492706;64,3113708496094;0,757827341556549;-0,18029096722602844;0,777748584747314;0,848850607872009;0,268448352813721;0,270235061645508;NA;NA;2,47715592384338;0,390760630369186;NA;0,461187500000000;0,402195245027542;Americas;222;6486,201
Estonia;2017;5,93839597702026;10,28584480285645;0,935686349868774;67,2843856811523;0,861749231815338;-0,10958832502365112;0,668402254581451;0,805217981338501;0,160164102911949;0,405946254730225;NA;NA;1,85183990001678;0,311841756105423;NA;0,333000000000000;0,396599620580673;Europe;233;1326,539
Ethiopia;2017;4,18031549453735;7,43928194046021;0,733539760112762;56,7282676696777;0,717101216316223;0,01187122426927090;0,756898939609528;0,608514785766602;0,304436177015305;0,768354296684265;NA;NA;1,82991588115692;0,437745869159698;NA;0,315000000000000;0,420267492532730;Africa;231;114963,583
Finland;2017;7,78825187683105;10,61233806610107;0,963826417922974;71,6969604492188;0,962198972702026;-0,01217365544289351;0,192412778735161;0,787137091159821;0,176065787672997;0,597538590431213;NA;NA;1,41639828681946;0,181863442063332;NA;0,275909090909091;0,425614446401596;Europe;246;5540,718
France;2017;6,63522243499756;10,56077384948730;0,931494593620300;72,5889358520508;0,833890140056610;-0,13358496129512787;0,601486027240753;0,762097775936127;0,241983935236931;0,374793529510498;NA;NA;1,63106441497803;0,245819106698036;NA;0,320300000000000;0,372855246067047;Europe;250;65273,512
Gabon;2017;4,78238296508789;9,71563148498535;0,806941151618958;57,1261672973633;0,652359545230865;-0,25083220005035400;0,868305504322052;0,634047150611877;0,446124285459518;0,286989241838455;NA;NA;2,45713114738464;0,513788044452667;NA;0,422000000000000;0,589230179786682;Africa;266;2225,728
Georgia;2017;4,45077466964722;9,16909790039062;0,590495169162750;64,3474502563477;0,820908784866333;-0,23142260313034058;0,589631974697113;0,581127703189850;0,209639608860016;0,296396225690842;NA;NA;1,77507996559143;0,398824959993362;NA;0,403437500000000;0,454276502132416;Asia;268;3989,175
Germany;2017;7,07432460784912;10,71118354797363;0,892166078090668;71,0791015625000;0,840727865695953;0,13530753552913666;0,414021193981171;0,736565709114075;0,196434810757637;0,622935652732849;NA;NA;1,44173026084900;0,203797578811646;NA;0,311571428571429;0,319597333669662;Europe;276;83783,945
Ghana;2017;5,48131084442139;8,32697105407715;0,669111073017120;54,8658905029297;0,783046364784241;0,08499047905206680;0,838609993457794;0,702511727809906;0,247518941760063;0,670288562774658;NA;NA;2,55111956596375;0,465421438217163;NA;0,425000000000000;0,501201510429382;Africa;288;31072,945
Greece;2017;5,14824151992798;10,11751747131348;0,752899527549744;71,7803421020508;0,438300013542175;-0,29673498868942261;0,872239470481873;0,602939009666443;0,332830756902695;0,139880895614624;NA;NA;2,41163110733032;0,468437820672989;NA;0,346909090909091;0,346705943346024;Europe;300;10423,056
Guatemala;2017;6,32511854171753;8,91890811920166;0,826492071151733;63,3819770812988;0,914521694183350;-0,06172860041260719;0,799747884273529;0,845865786075592;0,308086156845093;0,458623856306076;NA;NA;2,85894608497620;0,451998800039291;NA;0,526750000000000;0,495318561792374;Americas;320;17915,567
Guinea;2017;4,87372255325317;7,52747726440430;0,634025573730469;51,1518173217773;0,738212823867798;0,05430758371949196;0,750026226043701;0,704477131366730;0,422460883855820;0,639980792999268;NA;NA;2,96993541717529;0,609377205371857;NA;0,387000000000000;0,618353307247162;Africa;324;13132,792
Haiti;2017;3,82386565208435;7,40317630767822;0,646984994411469;53,3470077514648;0,484429150819778;0,38451030850410461;0,647191584110260;0,573366701602936;0,321692764759064;0,435076951980591;NA;NA;2,15694499015808;0,564074456691742;NA;0,409000000000000;0,574473023414612;Americas;332;11402,533
Honduras;2017;6,01998567581177;8,40437984466553;0,843354940414429;63,7526702880859;0,898377418518066;0,08007407188415527;0,783429443836212;0,842200934886932;0,248383343219757;0,495585024356842;NA;NA;2,96358609199524;0,492291212081909;NA;0,555600000000000;0,561559021472931;Americas;340;9904,608
Czechia;2017;5,36247491836548;10,91716670989990;0,831066310405731;76,5363616943359;0,830657243728638;0,12293470650911331;0,415810197591782;0,639533460140228;0,200593411922455;0,545040726661682;NA;NA;1,78455948829651;0,332786530256271;NA;NA;0,471278399229050;Europe;203;10708,982
Hungary;2017;6,06503868103027;10,19323825836182;0,876747548580170;67,1933670043945;0,661165952682495;-0,15079303085803986;0,886361300945282;0,735184252262115;0,180921271443367;0,377770513296127;NA;NA;1,79240918159485;0,295531362295151;NA;0,296818181818182;0,330753207206726;Europe;348;9660,350
Iceland;2017;7,47621393203735;10,76040935516357;0,966752827167511;72,7559814453125;0,938783288002014;0,23547871410846710;0,726845383644104;0,895254552364349;0,148160010576248;0,365041941404343;NA;NA;1,63009083271027;0,218036949634552;NA;0,280090909090909;0,332437902688980;Europe;352;341,250
India;2017;4,04611110687256;8,76845645904541;0,606767475605011;59,5026283264160;0,885850429534912;-0,05450280010700226;0,780802786350250;0,682090997695923;0,317936778068542;0,839278399944305;NA;NA;1,65982758998871;0,410227894783020;NA;0,352000000000000;0,380112171173096;Asia;356;1380004,385
Indonesia;2017;5,09840154647827;9,32216739654541;0,795589208602905;60,5844154357910;0,865026295185089;0,47297385334968567;0,900416433811188;0,862584173679352;0,319171577692032;0,825765371322632;NA;NA;2,32517910003662;0,456060409545898;NA;0,395000000000000;0,449708253145218;Asia;360;273523,621
Iran;2017;4,71678304672241;9,85344886779785;0,714232921600342;65,9645538330078;0,730635166168213;0,18273511528968811;0,714941322803497;0,693666040897369;0,438533902168274;NA;NA;NA;2,49717903137207;0,529424190521240;NA;0,413200000000000;0,852039635181427;Asia;364;83992,953
Iraq;2017;4,46239900588989;9,62271976470947;0,695109367370605;61,0458450317383;0,627722024917603;-0,03842903301119804;0,757108807563782;0,505288541316986;0,590538740158081;0,424050778150558;NA;NA;2,89948487281799;0,649759232997894;NA;0,290500000000000;0,550368130207062;Asia;368;40222,503
Ireland;2017;7,06015539169312;11,06648731231689;0,943481981754303;71,7097854614258;0,905341148376465;0,20680174231529236;0,337084740400314;0,833388924598694;0,212784126400948;0,603799641132355;NA;NA;1,76133441925049;0,249475300312042;NA;0,325545454545455;0,367454171180725;Europe;372;4937,796
Israel;2017;7,33103609085083;10,40613174438477;0,916440844535828;71,8650817871094;0,768076300621033;0,13715851306915283;0,792652249336243;0,673591315746307;0,276443153619766;0,389368146657944;NA;NA;1,52268290519714;0,207703649997711;NA;0,411000000000000;0,245601236820221;Asia;376;8655,541
Italy;2017;6,19887018203735;10,47247409820557;0,919791221618652;74,1347961425781;0,632843255996704;-0,04338070377707481;0,866667926311493;0,661180734634399;0,322846144437790;0,230196297168732;NA;NA;1,92724657058716;0,310902863740921;NA;0,341272727272727;0,346708387136459;Europe;380;60461,828
Jamaica;2017;5,88975906372070;9,02586460113525;0,913029849529266;65,8187942504883;0,860676348209381;-0,13083273172378540;0,882796168327332;0,769282162189484;0,243399634957314;0,348201751708984;NA;NA;2,39933776855469;0,407374531030655;NA;0,469000000000000;0,564535260200500;Americas;388;2961,161
Japan;2017;5,91067647933960;10,56816864013672;0,881961286067963;75,3172912597656;0,849396586418152;-0,22329679131507874;0,659198641777039;0,740387618541718;0,175512179732323;0,412489950656891;NA;NA;1,95025694370270;0,329954952001572;NA;0,321000000000000;0,426153689622879;Asia;392;126476,458
Jordan;2017;4,80808258056641;9,02533340454102;0,814664542675018;64,4178771972656;0,766262471675873;-0,15152287483215332;NA;0,627798378467560;0,391505181789398;NA;NA;NA;2,52389240264893;0,524927020072937;NA;0,343000000000000;0,363606214523315;Asia;400;10203,140
Kazakhstan;2017;5,88235139846802;10,07187080383301;0,914093196392059;64,1999969482422;0,745243966579437;-0,04917849227786064;0,755250692367554;0,756762206554413;0,171486407518387;0,755705773830414;NA;NA;1,74532377719879;0,296705126762390;NA;0,295066666666667;0,337242871522903;Asia;398;18776,707
Kenya;2017;4,47565412521362;8,01025485992432;0,714604318141937;58,6898384094238;0,853394389152527;0,25017926096916199;0,854000389575958;0,788452208042145;0,230210304260254;0,637862563133240;NA;NA;2,53236341476440;0,565808534622192;NA;0,485000000000000;0,521331965923309;Africa;404;53771,300
Kuwait;2017;6,09390544891357;11,11179256439209;0,853491306304932;65,3789596557617;0,884181618690491;-0,04850428923964500;NA;0,692071914672852;0,307320803403854;NA;NA;NA;2,35575318336487;0,386575281620026;NA;NA;0,591861426830292;Asia;414;4270,563
Kyrgyzstan;2017;5,62953662872314;8,11204051971436;0,882586658000946;62,8996467590332;0,859389781951904;0,16666737198829651;0,874494493007660;0,755125224590302;0,160438314080238;0,561672747135162;NA;NA;1,90139102935791;0,337752670049667;NA;0,306375000000000;0,382150888442993;Asia;417;6524,191
Laos;2017;4,62314081192017;8,70856761932373;0,707335770130157;57,8695755004883;0,891000747680664;0,07648259401321411;0,591616809368134;0,872791767120361;0,344225883483887;0,839935004711151;NA;NA;1,88197386264801;0,407076895236969;NA;0,348000000000000;0,585087001323700;Asia;418;7275,556
Latvia;2017;5,97781753540039;10,13303279876709;0,895098745822906;65,1092605590820;0,699520111083984;-0,16383144259452820;0,798378109931946;0,623312771320343;0,231753110885620;0,264000505208969;NA;NA;1,81480312347412;0,303589582443237;NA;0,362000000000000;0,362185239791870;Europe;428;1886,202
Lebanon;2017;5,15398979187012;9,49157905578613;0,776583015918732;68,8638916015625;0,604554176330566;-0,07502814382314682;0,910727262496948;0,515443921089172;0,243549212813377;0,217718094587326;NA;NA;1,92976760864258;0,374422073364258;NA;0,318000000000000;0,326644003391266;Asia;422;6825,442
Liberia;2017;4,42449092864990;6,62941408157349;0,684866845607758;52,7868499755859;0,733389914035797;0,04057675972580910;0,866806387901306;0,667946457862854;0,391330540180206;0,554991543292999;NA;NA;3,39373993873596;0,767035126686096;NA;0,348500000000000;0,590849876403809;Africa;430;5057,677
Libya;2017;5,64685249328613;NA;0,822758793830872;61,4847068786621;0,778695881366730;NA;0,673065543174744;0,697049319744110;0,379374176263809;NA;NA;NA;2,50778794288635;0,444103688001633;NA;NA;0,586069345474243;Africa;434;6871,287
Lithuania;2017;6,27294063568115;10,28265762329102;0,926316618919373;67,0416946411133;0,749307334423065;-0,18227662146091461;NA;0,607613146305084;0,195118829607964;0,321247279644012;NA;NA;2,17580437660217;0,346855580806732;NA;0,353090909090909;0,428504139184952;Europe;440;2722,291
Luxembourg;2017;7,06138086318970;11,46523094177246;0,905435502529144;72,2013092041016;0,902821719646454;0,02977144531905651;0,330173581838608;0,765816867351532;0,184467002749443;0,738922059535980;NA;NA;1,42447590827942;0,201727673411369;NA;0,315363636363636;0,292349696159363;Europe;442;625,976
Madagascar;2017;4,07862043380737;7,24925327301025;0,626331984996796;56,9944839477539;0,570347905158997;-0,02550791203975677;0,847260773181915;0,751698076725006;0,374838024377823;0,541916131973267;NA;NA;2,32891488075256;0,571005523204803;NA;0,431000000000000;0,578316509723663;Africa;450;27691,019
Malawi;2017;3,41686296463013;7,00270318984985;0,555422723293304;54,2346420288086;0,847920775413513;0,02156005799770355;0,734636604785919;0,608666539192200;0,312088340520859;0,620332539081573;NA;NA;2,76029324531555;0,807844281196594;NA;0,430000000000000;0,574055969715118;Africa;454;19129,955
Mali;2017;4,74185037612915;7,60855913162231;0,741359412670135;49,1786994934082;0,753213346004486;-0,06454728543758392;0,862655162811279;0,741835772991180;0,392784148454666;0,504820108413696;NA;NA;2,51166796684265;0,529680967330933;NA;0,372666666666667;0,549026548862457;Africa;466;20250,834
Malta;2017;6,67566585540771;10,50269985198975;0,937331795692444;71,8295135498047;0,923642933368683;0,24176245927810669;0,690494537353516;0,720753371715546;0,302443116903305;0,752005159854889;NA;NA;1,99455034732819;0,298779249191284;NA;NA;0,419637620449066;Europe;470;441,539
Mauritania;2017;4,67815971374512;8,18770790100098;0,779225230216980;53,3353385925293;0,527446806430817;-0,13476562500000000;0,777314066886902;0,637107074260712;0,272321939468384;0,292109727859497;NA;NA;2,13054990768433;0,455424785614014;NA;0,368250000000000;0,433928310871124;Africa;478;4649,660
Mauritius;2017;6,17411756515503;9,91465473175049;0,910142242908478;65,5891571044922;0,912307500839233;0,07392941415309906;0,818179905414581;0,747760176658630;0,168721184134483;0,614670753479004;NA;NA;2,24779057502747;0,364066690206528;NA;0,357500000000000;0,415626823902130;Africa;480;1271,767
Mexico;2017;6,41029930114746;9,74196910858154;0,799839377403259;68,0982284545898;0,861405134201050;-0,20663921535015106;0,800893068313599;0,842642307281494;0,230990886688232;0,256953150033951;NA;NA;2,23620724678040;0,348845988512039;NA;0,484750000000000;0,438771128654480;Americas;484;128932,753
Moldova;2017;5,32553052902222;8,54578876495361;0,830767929553986;63,7012443542480;0,552825212478638;-0,00317887216806412;0,926333785057068;0,581488788127899;0,259477794170380;0,132729634642601;NA;NA;1,88516926765442;0,353987127542496;NA;0,329937500000000;0,433169960975647;Europe;498;4033,963
Mongolia;2017;5,33385038375854;9,31854820251465;0,924250781536102;62,3126106262207;0,674627423286438;0,10645134747028351;0,864952206611633;0,675165295600891;0,213599517941475;0,275058358907700;NA;NA;2,09516167640686;0,392804741859436;NA;0,335833333333333;0,389351516962051;Asia;496;3278,292
Montenegro;2017;5,61479854583740;9,69449710845947;0,881199836730957;67,1421890258789;0,625906288623810;-0,08489078283309937;0,755680024623871;0,519128143787384;0,349785089492798;0,351549893617630;NA;NA;2,20751190185547;0,393159598112106;NA;0,309300000000000;0,352438509464264;Europe;499;628,062
Morocco;2017;5,31248283386230;8,91504383087158;0,641193091869354;65,3388595581055;0,814258038997650;-0,22791938483715057;0,840502440929413;0,559288203716278;0,322715908288956;NA;NA;NA;2,28716826438904;0,430527180433273;NA;0,406500000000000;0,527966916561127;Africa;504;36910,558
Mozambique;2017;4,27986335754395;7,04657745361328;0,678463697433472;49,9577445983887;0,822670519351959;-0,02150259725749493;0,682108938694000;0,648381412029266;0,353176504373550;0,759234368801117;NA;NA;2,98501992225647;0,697456836700439;NA;0,463000000000000;0,608845353126526;Africa;508;31255,435
Namibia;2017;4,44130611419678;9,20336246490479;0,828339040279388;55,4954261779785;0,810401856899261;-0,20176585018634796;0,831302881240845;0,720678210258484;0,277252167463303;0,745853602886200;NA;NA;2,73977327346802;0,616884589195251;NA;0,621500000000000;0,602735936641693;Africa;516;2540,916
Nepal;2017;4,73669242858887;7,80130910873413;0,816383302211761;61,2659568786621;0,845147609710693;0,14651113748550415;0,770177125930786;0,570577025413513;0,375977933406830;0,559578537940979;NA;NA;2,46845364570618;0,521134436130524;NA;0,383000000000000;0,463746637105942;Asia;524;29136,808
Netherlands;2017;7,45896530151367;10,79181385040283;0,936501324176788;71,6199951171875;0,920319736003876;0,23744046688079834;0,363133639097214;0,852184891700745;0,184519842267036;0,669553637504578;NA;NA;1,31847989559174;0,176764443516731;NA;0,286909090909091;0,441935479640961;Europe;528;17134,873
New Zealand;2017;7,32718276977539;10,47576236724854;0,954920649528503;71,6143035888672;0,942279458045959;0,28505671024322510;0,221887484192848;0,817431271076202;0,171716570854187;0,609015464782715;NA;NA;1,65033578872681;0,225234702229500;NA;NA;0,446442186832428;Oceania;554;4822,233
Nicaragua;2017;6,47635650634766;8,57531833648682;0,838043689727783;66,2517852783203;0,922162771224976;0,01032670494168997;0,672963321208954;0,849764168262482;0,308447897434235;0,590425193309784;NA;NA;2,65725326538086;0,410300642251968;NA;0,482750000000000;0,442813009023666;Americas;558;6624,554
Niger;2017;4,61567354202271;6,83123159408569;0,582109570503235;51,3259429931641;0,683557569980621;-0,01223627105355263;0,777660012245178;0,731161415576935;0,426522374153137;0,601117253303528;NA;NA;2,78039789199829;0,602381825447083;NA;0,368000000000000;0,659296870231628;Africa;562;24206,636
Nigeria;2017;5,32192802429199;8,58562088012695;0,733468532562256;45,8731575012207;0,825905561447144;0,11330148577690125;0,834891974925995;0,724990546703339;0,235968768596649;0,558790743350983;NA;NA;2,94790315628052;0,553916394710541;NA;0,415500000000000;0,468599230051041;Africa;566;206139,587
Norway;2017;7,57874488830566;11,08178901672363;0,950127661228180;71,0865859985352;0,953016817569733;0,21010403335094452;0,249711379408836;0,849099993705750;0,202913805842400;0,717159748077393;NA;NA;1,62172603607178;0,213983461260796;NA;0,271727272727273;0,328113138675690;Europe;578;5421,242
Pakistan;2017;5,83087062835693;8,51900672912598;0,690263569355011;57,4629974365234;0,712657094001770;0,03032811172306538;0,713928222656250;0,586166977882385;0,308341085910797;0,557435154914856;NA;NA;1,77806794643402;0,304940372705460;NA;0,312571428571429;0,411645054817200;Asia;586;220892,331
Palestinian Territories;2017;4,62813282012939;NA;0,824345111846924;63,0724983215332;0,631611287593842;NA;0,830646336078644;0,596765577793121;0,416072040796280;0,414400935173035;NA;NA;2,52167415618896;0,544857800006866;NA;NA;0,478864818811417;Asia;275;5101,416
Panama;2017;6,56765890121460;10,00271415710449;0,911904811859131;68,0454101562500;0,899573504924774;-0,16408047080039978;0,840777099132538;0,832688808441162;0,242319330573082;0,390996098518372;NA;NA;2,67718768119812;0,407631963491440;NA;0,536750000000000;0,474342674016953;Americas;591;4314,768
Peru;2017;5,71093654632568;9,41334915161133;0,830123364925385;65,4072418212891;0,826552152633667;-0,16674742102622986;0,895384132862091;0,789390861988068;0,393873721361160;0,254595339298248;NA;NA;2,59431409835815;0,454271227121353;NA;0,489187500000000;0,479469627141953;Americas;604;32971,846
Philippines;2017;5,59427022933960;8,93896770477295;0,851028561592102;60,2514915466309;0,925703108310699;-0,14785166084766388;0,711165547370911;0,768981456756592;0,340621501207352;0,837730050086975;NA;NA;2,59718513488770;0,464258074760437;NA;0,418833333333333;0,503399193286896;Asia;608;109581,085
Poland;2017;6,20126819610596;10,21113967895508;0,881854116916656;69,0968017578125;0,830842614173889;-0,13313400745391846;NA;0,677435517311096;0,203387796878815;0,502480447292328;NA;NA;1,62744283676147;0,262437105178833;NA;0,334733333333333;0,260087877511978;Europe;616;37846,605
Portugal;2017;5,71149921417236;10,23670864105225;0,899984836578369;72,1587448120117;0,905065655708313;-0,18259839713573456;0,880970537662506;0,649151086807251;0,294272571802139;0,501088142395020;NA;NA;2,20508670806885;0,386078447103500;NA;0,367000000000000;0,445528090000153;Europe;620;10196,707
Romania;2017;6,08990478515625;10,02889156341553;0,811240136623383;66,8570861816406;0,838586688041687;-0,16442073881626129;0,925658047199249;0,733730375766754;0,230836197733879;0,298341333866119;NA;NA;2,14129805564880;0,351614385843277;NA;0,290928571428571;0,412117600440979;Europe;642;19237,682
Russia;2017;5,57874298095703;10,10368347167969;0,896151304244995;62,9787826538086;0,730874240398407;-0,15856778621673584;0,861590206623077;0,710230231285095;0,194560527801514;0,556597232818604;NA;NA;2,12468862533569;0,380854368209839;NA;0,399250000000000;0,377679735422134;Europe;643;145934,460
Saudi Arabia;2017;6,29428243637085;10,81198787689209;0,840086281299591;64,0837402343750;0,814142167568207;-0,15690541267395020;NA;0,774875700473785;0,305841892957687;NA;NA;NA;2,50892305374146;0,398603498935699;NA;NA;0,451889485120773;Asia;682;34813,867
Senegal;2017;4,68302488327026;7,81198549270630;0,743759334087372;57,9808769226074;0,686937034130096;-0,02906609885394573;0,825241863727570;0,745732069015503;0,290836066007614;0,610722780227661;NA;NA;2,00763750076294;0,428705275058746;NA;0,402333333333333;0,436694502830505;Africa;686;16743,930
Serbia;2017;5,12203121185303;9,56153774261475;0,883770406246185;65,6848754882812;0,684846341609955;-0,08141558617353439;0,851457834243774;0,509721219539642;0,326407074928284;0,511197984218597;NA;NA;2,39450955390930;0,467492192983627;NA;0,305900000000000;0,366129755973816;Europe;688;8737,370
Sierra Leone;2017;4,08956241607666;7,25301837921143;0,652287125587463;44,3865280151367;0,710613548755646;0,08922567963600159;0,848398327827454;0,600368201732635;0,495040029287338;0,737516939640045;NA;NA;2,59525918960571;0,634605586528778;NA;0,371000000000000;0,583586096763611;Africa;694;7976,985
Singapore;2017;6,37843799591064;11,31704998016357;0,897349894046783;75,8124008178711;0,926127851009369;0,12041155248880386;0,161790683865547;0,800114393234253;0,179324552416801;0,926997959613800;NA;NA;1,41807222366333;0,222322806715965;NA;NA;0,564909577369690;Asia;702;5850,343
Slovakia;2017;6,36550903320312;10,31394195556641;0,913386642932892;68,7739105224609;0,714224696159363;-0,07207684218883514;0,920422673225403;0,788020431995392;0,212722480297089;0,341680079698563;NA;NA;1,89752197265625;0,298094302415848;NA;0,267454545454546;0,292588055133820;Europe;703;5459,643
Slovenia;2017;6,16683769226074;10,35351657867432;0,928187847137451;70,9432907104492;0,920862674713135;-0,03347511589527130;0,828794717788696;0,615109682083130;0,285601437091827;0,239779725670815;NA;NA;1,98230063915253;0,321445256471634;NA;0,249090909090909;0,359244138002396;Europe;705;2078,932
South Africa;2017;4,51365518569946;9,40520286560059;0,870313286781311;55,2293090820312;0,787427902221680;-0,13925622403621674;0,864781916141510;0,784800708293915;0,268175244331360;0,423274219036102;NA;NA;2,41956949234009;0,536055445671082;NA;0,622500000000000;0,565037488937378;Africa;710;59308,690
South Korea;2017;5,87388706207275;10,48973464965820;0,806929945945740;74,0416946411133;0,538113713264465;0,00335459387861192;0,850690424442291;0,623377561569214;0,234825626015663;0,358582198619843;NA;NA;2,07572960853577;0,353382617235184;NA;0,319000000000000;0,393612235784531;Asia;410;51269,183
South Sudan;2017;2,81662249565125;NA;0,556822657585144;50,0201721191406;0,456011086702347;NA;0,761269629001617;0,585602164268494;0,517363786697388;0,461550503969193;NA;NA;2,73683762550354;0,971673548221588;NA;0,463000000000000;0,703007578849792;Africa;728;11193,729
Spain;2017;6,23017311096191;10,44522285461426;0,903158187866211;74,4982147216797;0,755560755729675;-0,04215625301003456;0,791268765926361;0,625055611133575;0,302387654781342;0,269585967063904;NA;NA;1,80572175979614;0,289834916591644;NA;0,344545454545455;0,378949552774429;Europe;724;46754,783
Sri Lanka;2017;4,33094549179077;9,37795448303223;0,822770595550537;65,2925338745117;0,827077388763428;0,08457723259925842;0,844210028648376;0,794951617717743;0,269727528095245;0,517589926719666;NA;NA;2,23037600517273;0,514985918998718;NA;0,392250000000000;0,427296966314316;Asia;144;21413,250
Sweden;2017;7,28680467605591;10,77040576934814;0,914016783237457;73,0065460205078;0,934582114219666;0,15548683702945709;0,239366918802261;0,813547790050507;0,175066828727722;0,559461951255798;NA;NA;1,77717685699463;0,243889734148979;NA;0,267454545454545;0,346856117248535;Europe;752;10099,270
Switzerland;2017;7,47359323501587;10,95554828643799;0,949661374092102;73,1737594604492;0,924996912479401;0,16787466406822205;0,316183477640152;0,773997068405151;0,195871487259865;0,819706737995148;NA;NA;1,54461562633514;0,206676438450813;NA;0,327571428571429;0,295817792415619;Europe;756;8654,618
Taiwan;2017;6,35945081710815;NA;0,891119122505188;71,2099990844727;0,759654760360718;NA;0,742780089378357;0,837277293205261;0,114123158156872;0,322822391986847;NA;NA;1,86960220336914;0,293987989425659;NA;NA;0,381671965122223;Asia;158;23816,775
Tajikistan;2017;5,82923412322998;7,95658969879150;0,662693321704865;62,9712486267090;0,832002460956573;0,12493618577718735;0,718336880207062;0,602667689323425;0,277725338935852;0,929793059825897;NA;NA;2,21285057067871;0,379612565040588;NA;0,318750000000000;0,367954313755035;Asia;762;9537,642
Tanzania;2017;3,34712123870850;7,89631366729736;0,705010294914246;56,6654853820801;0,800495505332947;0,10659890621900558;0,653606057167053;0,714645504951477;0,255335688591003;0,913339018821716;NA;NA;2,68366742134094;0,801783740520477;NA;0,384666666666667;0,549375236034393;Africa;834;59734,213
Thailand;2017;5,93889522552490;9,68843746185303;0,877268731594086;66,4187927246094;0,922896802425385;0,20245239138603210;0,883816778659821;0,816321790218353;0,231597617268562;0,605078816413879;NA;NA;2,24372243881226;0,377801328897476;NA;0,402636363636364;0,513357758522034;Asia;764;69799,978
Togo;2017;4,36080503463745;7,25166988372803;0,507805228233337;52,2572746276855;0,716694414615631;-0,03770448639988899;0,725519597530365;0,614188969135284;0,425824254751205;0,484952360391617;NA;NA;2,49483060836792;0,572103202342987;NA;0,437333333333333;0,552189290523529;Africa;768;8278,737
Tunisia;2017;4,12434291839600;9,29428863525391;0,717381596565247;65,8805618286133;0,477956652641296;-0,23353116214275360;0,868826746940613;0,420961886644363;0,377196848392487;0,250827312469482;NA;NA;2,21481752395630;0,537011027336121;NA;0,381000000000000;0,414514333009720;Africa;788;11818,618
Turkey;2017;5,60726213455200;10,11937332153320;0,876467823982239;65,7947311401367;0,644434213638306;-0,24692715704441071;0,670910537242889;0,449800908565521;0,312846124172211;0,586161255836487;NA;NA;1,62632858753204;0,290039688348770;NA;0,403076923076923;0,326897621154785;Asia;792;84339,067
Turkmenistan;2017;5,22914886474609;9,70264053344727;0,908454895019531;60,3926925659180;0,720399200916290;0,04033754020929337;NA;0,520885109901428;0,349627673625946;NA;NA;NA;1,43217813968658;0,273883610963821;NA;NA;0,265776634216309;Asia;795;6031,187
Uganda;2017;4,00051689147949;7,44295120239258;0,739956140518188;51,7634773254395;0,772344112396240;0,07171998172998428;0,815770030021667;0,703375637531281;0,400025725364685;0,655109107494354;NA;NA;2,67337942123413;0,668258488178253;NA;0,433250000000000;0,640636980533600;Africa;800;45741,000
Ukraine;2017;4,31106710433960;8,96785926818848;0,858324885368347;63,1733512878418;0,598875522613525;0,01612500660121441;0,936764001846313;0,597112178802490;0,234763830900192;0,110936529934406;NA;NA;2,25538349151611;0,523161292076111;NA;0,266000000000000;0,421145945787430;Europe;804;43733,759
United Arab Emirates;2017;7,03941965103149;11,12180805206299;0,835527360439301;68,5815505981445;0,962016642093658;0,19111312925815582;NA;0,795034885406494;0,207598447799683;NA;NA;NA;2,03004074096680;0,288381844758987;NA;NA;0,600683748722076;Asia;784;9890,400
United Kingdom;2017;7,10327339172363;10,58457565307617;0,937495291233063;72,0561294555664;0,812733292579651;0,28104600310325623;0,418611347675323;0,758571803569794;0,209572419524193;0,440120846033096;NA;NA;1,61545026302338;0,227423354983330;NA;0,342000000000000;0,372231811285019;Europe;826;67886,004
United States;2017;6,99175930023193;10,89986896514893;0,921002864837646;69,7709197998047;0,868496716022491;0,18165735900402069;0,681191265583038;0,826555311679840;0,268269062042236;0,386535018682480;NA;NA;1,88068795204163;0,268986374139786;NA;0,406800000000000;0,610804378986359;Americas;840;331002,647
Uruguay;2017;6,33600997924805;9,91777133941650;0,913801670074463;68,3803634643555;0,897851645946503;-0,10476215183734894;0,626581966876984;0,835861265659332;0,280323356389999;0,413032114505768;NA;NA;2,28859877586365;0,361205041408539;NA;0,442600000000000;0,399903923273087;Americas;858;3473,727
Uzbekistan;2017;6,42144775390625;8,76277828216553;0,942131102085114;63,1661796569824;0,985177755355835;0,11402945965528488;0,464641600847244;0,838989078998566;0,202737495303154;0,964690446853638;NA;NA;2,36768889427185;0,368715733289719;NA;0,348000000000000;0,445986151695251;Asia;860;33469,199
Vietnam;2017;5,17527866363525;8,74265480041504;NA;66,2457656860352;NA;NA;NA;NA;NA;NA;NA;NA;1,75083601474762;0,338307589292526;NA;0,364285714285714;0,466430068016052;Asia;704;97338,583
Yemen;2017;3,25356006622314;NA;0,789555013179779;54,9810333251953;0,595190763473511;NA;NA;0,455181896686554;0,295063585042953;0,247786983847618;NA;NA;2,17854404449463;0,669587790966034;NA;0,357000000000000;0,374521881341934;Asia;887;29825,968
Zambia;2017;3,93277740478516;8,21166992187500;0,743753910064697;53,8037834167480;0,823168575763702;0,12982152402400970;0,739540636539459;0,684623301029205;0,387188881635666;0,717004060745239;NA;NA;2,65028309822083;0,673896014690399;NA;0,527400000000000;0,612799227237701;Africa;894;18383,956
Zimbabwe;2017;3,63830018043518;7,53818702697754;0,754147052764893;52,6744842529297;0,752826094627380;-0,06600468605756760;0,751208007335663;0,806428372859955;0,224051341414452;0,682646691799164;NA;NA;2,65684795379639;0,730244278907776;NA;0,432000000000000;0,581483781337738;Africa;716;14862,927
